feature,gain,weight
temperature_c,38857.4609375,13572
temp_roll_mean_3h,1396.3095703125,4775
hour_sin,447.9637756347656,7265
temp_delta_1h,300.6122741699219,15078
temp_lag_24h,251.95132446289062,8602
local_hour,206.89471435546875,6841
temp_delta_3h,114.1443862915039,9654
hour_cos,97.06246185302734,6514
temp_roll_mean_24h,96.34310150146484,7447
temp_lag_12h,57.334190368652344,7680
precipitation_sum_6h,39.88480758666992,4119
humidity_roll_mean_6h,37.025390625,4190
precipitation_mm,27.748781204223633,6207
temp_roll_std_24h,23.32627296447754,8572
pressure_delta_1h,22.685890197753906,7810
humidity_pct,21.155990600585938,7206
precipitation_sum_3h,20.249622344970703,3710
latitude,15.871759414672852,14442
humidity_lag_3h,15.836336135864258,3989
humidity_roll_mean_24h,15.194865226745605,6589
temp_roll_std_3h,15.13509464263916,8265
wind_speed_delta_1h,13.571080207824707,11584
temp_lag_1h,12.82783317565918,6635
day_of_year_cos,12.558189392089844,8969
humidity_roll_std_24h,12.435763359069824,6929
longitude,11.406150817871094,10152
humidity_roll_mean_3h,11.144452095031738,4475
pressure_delta_3h,10.19997787475586,6227
humidity_lag_1h,9.770723342895508,4268
wind_speed_kmh,9.367074966430664,10464
precipitation_sum_24h,9.330395698547363,6184
wind_gust_kmh,9.057082176208496,10288
pressure_delta_6h,8.449064254760742,7220
local_day_of_year,8.394512176513672,8595
humidity_delta_1h,7.911541938781738,6528
temp_lag_6h,7.893999099731445,6254
humidity_lag_6h,7.716694355010986,5210
precipitation_lag_1h,7.620051860809326,3131
precipitation_lag_3h,7.4238786697387695,2024
wind_speed_lag_1h,7.246390342712402,6388
temp_roll_mean_6h,7.139743328094482,3728
day_of_year_sin,6.752490997314453,8629
local_month,6.545799732208252,1147
precipitation_lag_6h,6.489094257354736,1757
temp_lag_3h,6.455078125,5446
humidity_delta_3h,6.378948211669922,5209
temp_roll_std_6h,6.047418594360352,8058
pressure_roll_mean_6h,5.887635231018066,2588
pressure_roll_mean_24h,5.4661030769348145,3973
pressure_roll_std_3h,5.4602179527282715,7042
pressure_hpa,5.337442874908447,5398
pressure_roll_mean_3h,5.295114517211914,2005
wind_speed_roll_mean_6h,5.159797191619873,4907
wind_speed_roll_mean_24h,5.152754306793213,7357
pressure_lag_3h,5.088672637939453,4412
pressure_lag_24h,5.053980827331543,6493
humidity_roll_std_6h,5.022796154022217,5900
wind_speed_roll_mean_3h,4.935361862182617,4909
pressure_lag_6h,4.871583461761475,5224
precipitation_lag_24h,4.744047164916992,3403
pressure_roll_std_24h,4.63596248626709,8361
wind_speed_lag_3h,4.391334533691406,6197
humidity_roll_std_3h,4.326120853424072,5657
pressure_lag_1h,4.3202104568481445,3077
pressure_roll_std_6h,4.3196210861206055,7136
humidity_lag_24h,4.218822479248047,6124
humidity_lag_12h,4.1829609870910645,5752
pressure_lag_12h,4.1096601486206055,5167
day_of_week_sin,3.988184690475464,2177
wind_speed_lag_6h,3.599721670150757,6638
wind_speed_lag_24h,3.4828085899353027,7273
day_of_week_cos,3.44880747795105,1393
local_day_of_week,3.3849892616271973,3336
