sample_time_utc,container,cpu_percent,memory_usage
2026-10-01T18:53:16.7947741Z,weather-kafka,1.77%,477.1MiB / 6.701GiB
2026-10-01T18:53:16.7947741Z,weather-spark-master,285.58%,1.085GiB / 6.701GiB
2026-10-01T18:53:16.7947741Z,weather-streaming-bigdata-spark-worker-1,4.74%,641.9MiB / 6.701GiB
2026-10-01T18:53:20.5870578Z,weather-kafka,2.08%,477MiB / 6.701GiB
2026-10-01T18:53:20.5870578Z,weather-spark-master,414.40%,1.156GiB / 6.701GiB
2026-10-01T18:53:20.5870578Z,weather-streaming-bigdata-spark-worker-1,105.02%,692.6MiB / 6.701GiB
2026-10-01T18:53:24.8054044Z,weather-kafka,2.00%,477.9MiB / 6.701GiB
2026-10-01T18:53:24.8054044Z,weather-spark-master,158.71%,1.184GiB / 6.701GiB
2026-10-01T18:53:24.8054044Z,weather-streaming-bigdata-spark-worker-1,429.39%,1.023GiB / 6.701GiB
2026-10-01T18:53:28.5979035Z,weather-kafka,1.59%,477.5MiB / 6.701GiB
2026-10-01T18:53:28.5979035Z,weather-spark-master,89.35%,478MiB / 6.701GiB
2026-10-01T18:53:28.5979035Z,weather-streaming-bigdata-spark-worker-1,30.98%,296.7MiB / 6.701GiB
2026-10-01T18:53:32.8028741Z,weather-kafka,1.59%,477.1MiB / 6.701GiB
2026-10-01T18:53:32.8028741Z,weather-spark-master,0.11%,477.8MiB / 6.701GiB
2026-10-01T18:53:32.8028741Z,weather-streaming-bigdata-spark-worker-1,0.13%,296.7MiB / 6.701GiB
2026-10-01T18:53:36.9959455Z,weather-kafka,4.30%,478.7MiB / 6.701GiB
2026-10-01T18:53:36.9959455Z,weather-spark-master,0.15%,478MiB / 6.701GiB
2026-10-01T18:53:36.9959455Z,weather-streaming-bigdata-spark-worker-1,0.16%,296.6MiB / 6.701GiB
2026-10-01T18:53:41.2141738Z,weather-kafka,1.92%,477.5MiB / 6.701GiB
2026-10-01T18:53:41.2141738Z,weather-spark-master,0.12%,478MiB / 6.701GiB
2026-10-01T18:53:41.2141738Z,weather-streaming-bigdata-spark-worker-1,0.13%,296.6MiB / 6.701GiB
2026-10-01T18:53:45.4091790Z,weather-kafka,1.86%,477.3MiB / 6.701GiB
2026-10-01T18:53:45.4091790Z,weather-spark-master,0.14%,478MiB / 6.701GiB
2026-10-01T18:53:45.4091790Z,weather-streaming-bigdata-spark-worker-1,0.18%,296.6MiB / 6.701GiB
2026-10-01T18:53:49.4876941Z,weather-kafka,1.28%,477.5MiB / 6.701GiB
2026-10-01T18:53:49.4876941Z,weather-spark-master,190.86%,743.2MiB / 6.701GiB
2026-10-01T18:53:49.4876941Z,weather-streaming-bigdata-spark-worker-1,0.11%,296.6MiB / 6.701GiB
2026-10-01T18:53:53.6818741Z,weather-kafka,1.54%,477.5MiB / 6.701GiB
2026-10-01T18:53:53.6818741Z,weather-spark-master,228.36%,925.8MiB / 6.701GiB
2026-10-01T18:53:53.6818741Z,weather-streaming-bigdata-spark-worker-1,310.48%,482.2MiB / 6.701GiB
2026-10-01T18:53:57.8883252Z,weather-kafka,3.65%,477.6MiB / 6.701GiB
2026-10-01T18:53:57.8883252Z,weather-spark-master,233.42%,1.097GiB / 6.701GiB
2026-10-01T18:53:57.8883252Z,weather-streaming-bigdata-spark-worker-1,0.32%,535.2MiB / 6.701GiB
2026-10-01T18:54:02.0953339Z,weather-kafka,5.70%,477.8MiB / 6.701GiB
2026-10-01T18:54:02.0953339Z,weather-spark-master,13.02%,1.104GiB / 6.701GiB
2026-10-01T18:54:02.0953339Z,weather-streaming-bigdata-spark-worker-1,101.55%,661.9MiB / 6.701GiB
2026-10-01T18:54:06.3043318Z,weather-kafka,1.54%,477MiB / 6.701GiB
2026-10-01T18:54:06.3043318Z,weather-spark-master,109.88%,1.177GiB / 6.701GiB
2026-10-01T18:54:06.3043318Z,weather-streaming-bigdata-spark-worker-1,257.33%,712.6MiB / 6.701GiB
2026-10-01T18:54:10.3456649Z,weather-kafka,1.36%,477.6MiB / 6.701GiB
2026-10-01T18:54:10.3456649Z,weather-spark-master,150.69%,1.224GiB / 6.701GiB
2026-10-01T18:54:10.3456649Z,weather-streaming-bigdata-spark-worker-1,361.90%,831.9MiB / 6.701GiB
2026-10-01T18:54:14.5502383Z,weather-kafka,2.59%,477.2MiB / 6.701GiB
2026-10-01T18:54:14.5502383Z,weather-spark-master,353.50%,1.301GiB / 6.701GiB
2026-10-01T18:54:14.5502383Z,weather-streaming-bigdata-spark-worker-1,79.36%,1.038GiB / 6.701GiB
2026-10-01T18:54:18.8511833Z,weather-kafka,2.39%,477.6MiB / 6.701GiB
2026-10-01T18:54:18.8511833Z,weather-spark-master,11.41%,1.266GiB / 6.701GiB
2026-10-01T18:54:18.8511833Z,weather-streaming-bigdata-spark-worker-1,90.46%,1.064GiB / 6.701GiB
2026-10-01T18:54:23.0467025Z,weather-kafka,2.06%,477.4MiB / 6.701GiB
2026-10-01T18:54:23.0467025Z,weather-spark-master,396.52%,1.323GiB / 6.701GiB
2026-10-01T18:54:23.0467025Z,weather-streaming-bigdata-spark-worker-1,309.70%,1.375GiB / 6.701GiB
2026-10-01T18:54:27.2547846Z,weather-kafka,1.52%,477.4MiB / 6.701GiB
2026-10-01T18:54:27.2547846Z,weather-spark-master,329.41%,1.373GiB / 6.701GiB
2026-10-01T18:54:27.2547846Z,weather-streaming-bigdata-spark-worker-1,148.14%,1.396GiB / 6.701GiB
2026-10-01T18:54:31.4808466Z,weather-kafka,2.04%,478MiB / 6.701GiB
2026-10-01T18:54:31.4808466Z,weather-spark-master,0.36%,1.381GiB / 6.701GiB
2026-10-01T18:54:31.4808466Z,weather-streaming-bigdata-spark-worker-1,145.97%,1.587GiB / 6.701GiB
2026-10-01T18:54:35.7090710Z,weather-kafka,1.71%,477.7MiB / 6.701GiB
2026-10-01T18:54:35.7090710Z,weather-spark-master,0.36%,1.381GiB / 6.701GiB
2026-10-01T18:54:35.7090710Z,weather-streaming-bigdata-spark-worker-1,199.61%,1.739GiB / 6.701GiB
2026-10-01T18:54:39.7374465Z,weather-kafka,1.37%,474.9MiB / 6.701GiB
2026-10-01T18:54:39.7374465Z,weather-spark-master,0.48%,1.372GiB / 6.701GiB
2026-10-01T18:54:39.7374465Z,weather-streaming-bigdata-spark-worker-1,200.09%,2.586GiB / 6.701GiB
2026-10-01T18:54:43.9392562Z,weather-kafka,3.17%,454.6MiB / 6.701GiB
2026-10-01T18:54:43.9392562Z,weather-spark-master,4.08%,1.28GiB / 6.701GiB
2026-10-01T18:54:43.9392562Z,weather-streaming-bigdata-spark-worker-1,240.20%,2.719GiB / 6.701GiB
2026-10-01T18:54:48.2220833Z,weather-kafka,1.52%,453.1MiB / 6.701GiB
2026-10-01T18:54:48.2220833Z,weather-spark-master,156.99%,1.445GiB / 6.701GiB
2026-10-01T18:54:48.2220833Z,weather-streaming-bigdata-spark-worker-1,98.91%,2.71GiB / 6.701GiB
2026-10-01T18:54:52.4229803Z,weather-kafka,3.29%,451.3MiB / 6.701GiB
2026-10-01T18:54:52.4229803Z,weather-spark-master,195.14%,1.51GiB / 6.701GiB
2026-10-01T18:54:52.4229803Z,weather-streaming-bigdata-spark-worker-1,283.61%,2.924GiB / 6.701GiB
2026-10-01T18:54:56.6216159Z,weather-kafka,8.07%,457.1MiB / 6.701GiB
2026-10-01T18:54:56.6216159Z,weather-spark-master,200.03%,1.514GiB / 6.701GiB
2026-10-01T18:54:56.6216159Z,weather-streaming-bigdata-spark-worker-1,140.55%,2.901GiB / 6.701GiB
2026-10-01T18:55:00.6487602Z,weather-kafka,1.63%,456.4MiB / 6.701GiB
2026-10-01T18:55:00.6487602Z,weather-spark-master,155.83%,1.515GiB / 6.701GiB
2026-10-01T18:55:00.6487602Z,weather-streaming-bigdata-spark-worker-1,145.40%,2.903GiB / 6.701GiB
2026-10-01T18:55:04.8537246Z,weather-kafka,1.67%,450.9MiB / 6.701GiB
2026-10-01T18:55:04.8537246Z,weather-spark-master,105.26%,1.503GiB / 6.701GiB
2026-10-01T18:55:04.8537246Z,weather-streaming-bigdata-spark-worker-1,243.76%,2.914GiB / 6.701GiB
2026-10-01T18:55:08.5546300Z,weather-kafka,1.52%,449.8MiB / 6.701GiB
2026-10-01T18:55:08.5546300Z,weather-spark-master,103.79%,1.511GiB / 6.701GiB
2026-10-01T18:55:08.5546300Z,weather-streaming-bigdata-spark-worker-1,328.74%,2.916GiB / 6.701GiB
2026-10-01T18:55:12.7577663Z,weather-kafka,1.62%,448.8MiB / 6.701GiB
2026-10-01T18:55:12.7577663Z,weather-spark-master,98.68%,1.511GiB / 6.701GiB
2026-10-01T18:55:12.7577663Z,weather-streaming-bigdata-spark-worker-1,206.28%,3.006GiB / 6.701GiB
2026-10-01T18:55:16.9487437Z,weather-kafka,2.20%,453.3MiB / 6.701GiB
2026-10-01T18:55:16.9487437Z,weather-spark-master,0.15%,325MiB / 6.701GiB
2026-10-01T18:55:16.9487437Z,weather-streaming-bigdata-spark-worker-1,0.14%,164.3MiB / 6.701GiB
2026-10-01T18:55:21.1478915Z,weather-kafka,1.59%,453.5MiB / 6.701GiB
2026-10-01T18:55:21.1478915Z,weather-spark-master,0.13%,324.9MiB / 6.701GiB
2026-10-01T18:55:21.1478915Z,weather-streaming-bigdata-spark-worker-1,0.14%,164.5MiB / 6.701GiB
2026-10-01T18:55:25.3566778Z,weather-kafka,1.83%,454.2MiB / 6.701GiB
2026-10-01T18:55:25.3566778Z,weather-spark-master,0.13%,324.9MiB / 6.701GiB
2026-10-01T18:55:25.3566778Z,weather-streaming-bigdata-spark-worker-1,0.12%,164.5MiB / 6.701GiB
2026-10-01T18:55:29.5070549Z,weather-kafka,1.43%,454.4MiB / 6.701GiB
2026-10-01T18:55:29.5070549Z,weather-spark-master,0.12%,324.8MiB / 6.701GiB
2026-10-01T18:55:29.5070549Z,weather-streaming-bigdata-spark-worker-1,0.11%,164.5MiB / 6.701GiB
2026-10-01T18:55:33.6995791Z,weather-kafka,1.41%,455.6MiB / 6.701GiB
2026-10-01T18:55:33.6995791Z,weather-spark-master,0.14%,324.8MiB / 6.701GiB
2026-10-01T18:55:33.6995791Z,weather-streaming-bigdata-spark-worker-1,0.13%,164.5MiB / 6.701GiB
2026-10-01T18:55:37.9081221Z,weather-kafka,1.36%,457.6MiB / 6.701GiB
2026-10-01T18:55:37.9081221Z,weather-spark-master,0.14%,325.1MiB / 6.701GiB
2026-10-01T18:55:37.9081221Z,weather-streaming-bigdata-spark-worker-1,0.12%,164.5MiB / 6.701GiB
2026-10-01T18:55:42.0992620Z,weather-kafka,1.96%,456.5MiB / 6.701GiB
2026-10-01T18:55:42.0992620Z,weather-spark-master,0.13%,325.1MiB / 6.701GiB
2026-10-01T18:55:42.0992620Z,weather-streaming-bigdata-spark-worker-1,0.12%,164.5MiB / 6.701GiB
2026-10-01T18:55:46.2993630Z,weather-kafka,1.27%,457MiB / 6.701GiB
2026-10-01T18:55:46.2993630Z,weather-spark-master,0.11%,325.1MiB / 6.701GiB
2026-10-01T18:55:46.2993630Z,weather-streaming-bigdata-spark-worker-1,0.14%,164.5MiB / 6.701GiB
2026-10-01T18:55:50.3173902Z,weather-kafka,1.85%,457.5MiB / 6.701GiB
2026-10-01T18:55:50.3173902Z,weather-spark-master,0.28%,325.1MiB / 6.701GiB
2026-10-01T18:55:50.3173902Z,weather-streaming-bigdata-spark-worker-1,0.11%,164.5MiB / 6.701GiB
2026-10-01T18:55:54.5086902Z,weather-kafka,2.25%,458.2MiB / 6.701GiB
2026-10-01T18:55:54.5086902Z,weather-spark-master,0.15%,325.1MiB / 6.701GiB
2026-10-01T18:55:54.5086902Z,weather-streaming-bigdata-spark-worker-1,0.13%,164.5MiB / 6.701GiB
2026-10-01T18:55:58.5218882Z,weather-kafka,1.46%,458.4MiB / 6.701GiB
2026-10-01T18:55:58.5218882Z,weather-spark-master,0.12%,325.1MiB / 6.701GiB
2026-10-01T18:55:58.5218882Z,weather-streaming-bigdata-spark-worker-1,0.14%,164.5MiB / 6.701GiB
2026-10-01T18:56:02.7315298Z,weather-kafka,1.76%,459.3MiB / 6.701GiB
2026-10-01T18:56:02.7315298Z,weather-spark-master,0.13%,325.1MiB / 6.701GiB
2026-10-01T18:56:02.7315298Z,weather-streaming-bigdata-spark-worker-1,0.11%,164.5MiB / 6.701GiB
2026-10-01T18:56:06.9261335Z,weather-kafka,7.98%,464.6MiB / 6.701GiB
2026-10-01T18:56:06.9261335Z,weather-spark-master,0.12%,325.1MiB / 6.701GiB
2026-10-01T18:56:06.9261335Z,weather-streaming-bigdata-spark-worker-1,0.11%,164.5MiB / 6.701GiB
2026-10-01T18:56:11.1331746Z,weather-kafka,1.61%,477.1MiB / 6.701GiB
2026-10-01T18:56:11.1331746Z,weather-spark-master,0.12%,325.1MiB / 6.701GiB
2026-10-01T18:56:11.1331746Z,weather-streaming-bigdata-spark-worker-1,0.13%,164.5MiB / 6.701GiB
2026-10-01T18:56:15.3380483Z,weather-kafka,1.69%,461.6MiB / 6.701GiB
2026-10-01T18:56:15.3380483Z,weather-spark-master,0.14%,325.1MiB / 6.701GiB
2026-10-01T18:56:15.3380483Z,weather-streaming-bigdata-spark-worker-1,0.12%,164.4MiB / 6.701GiB
2026-10-01T18:56:19.5186208Z,weather-kafka,1.39%,462.4MiB / 6.701GiB
2026-10-01T18:56:19.5186208Z,weather-spark-master,0.28%,325.1MiB / 6.701GiB
2026-10-01T18:56:19.5186208Z,weather-streaming-bigdata-spark-worker-1,0.11%,164.4MiB / 6.701GiB
2026-10-01T18:56:23.7250540Z,weather-kafka,1.25%,463.4MiB / 6.701GiB
2026-10-01T18:56:23.7250540Z,weather-spark-master,0.13%,325.1MiB / 6.701GiB
2026-10-01T18:56:23.7250540Z,weather-streaming-bigdata-spark-worker-1,0.12%,164.4MiB / 6.701GiB
2026-10-01T18:56:27.9272093Z,weather-kafka,1.59%,463.1MiB / 6.701GiB
2026-10-01T18:56:27.9272093Z,weather-spark-master,0.15%,325.1MiB / 6.701GiB
2026-10-01T18:56:27.9272093Z,weather-streaming-bigdata-spark-worker-1,0.15%,164.4MiB / 6.701GiB
2026-10-01T18:56:32.1266492Z,weather-kafka,1.80%,463.4MiB / 6.701GiB
2026-10-01T18:56:32.1266492Z,weather-spark-master,0.12%,325.1MiB / 6.701GiB
2026-10-01T18:56:32.1266492Z,weather-streaming-bigdata-spark-worker-1,0.15%,164.4MiB / 6.701GiB
2026-10-01T18:56:36.3360408Z,weather-kafka,1.62%,464.4MiB / 6.701GiB
2026-10-01T18:56:36.3360408Z,weather-spark-master,0.12%,325.1MiB / 6.701GiB
2026-10-01T18:56:36.3360408Z,weather-streaming-bigdata-spark-worker-1,0.14%,164.4MiB / 6.701GiB
2026-10-01T18:56:40.3678749Z,weather-kafka,2.10%,465.4MiB / 6.701GiB
2026-10-01T18:56:40.3678749Z,weather-spark-master,0.15%,325.1MiB / 6.701GiB
2026-10-01T18:56:40.3678749Z,weather-streaming-bigdata-spark-worker-1,0.12%,164.4MiB / 6.701GiB
2026-10-01T18:56:44.5623883Z,weather-kafka,1.70%,466.3MiB / 6.701GiB
2026-10-01T18:56:44.5623883Z,weather-spark-master,0.14%,325.1MiB / 6.701GiB
2026-10-01T18:56:44.5623883Z,weather-streaming-bigdata-spark-worker-1,0.13%,164.4MiB / 6.701GiB
2026-10-01T18:56:48.5308501Z,weather-kafka,1.45%,466.3MiB / 6.701GiB
2026-10-01T18:56:48.5308501Z,weather-spark-master,0.13%,325.1MiB / 6.701GiB
2026-10-01T18:56:48.5308501Z,weather-streaming-bigdata-spark-worker-1,0.12%,164.4MiB / 6.701GiB
2026-10-01T18:56:52.7281199Z,weather-kafka,1.49%,481.6MiB / 6.701GiB
2026-10-01T18:56:52.7281199Z,weather-spark-master,0.13%,325.1MiB / 6.701GiB
2026-10-01T18:56:52.7281199Z,weather-streaming-bigdata-spark-worker-1,0.13%,164.4MiB / 6.701GiB
2026-10-01T18:56:56.9351782Z,weather-kafka,2.17%,467.7MiB / 6.701GiB
2026-10-01T18:56:56.9351782Z,weather-spark-master,0.17%,325.1MiB / 6.701GiB
2026-10-01T18:56:56.9351782Z,weather-streaming-bigdata-spark-worker-1,0.13%,164.4MiB / 6.701GiB
2026-10-01T18:57:01.1451507Z,weather-kafka,2.02%,468.4MiB / 6.701GiB
2026-10-01T18:57:01.1451507Z,weather-spark-master,0.13%,325.1MiB / 6.701GiB
2026-10-01T18:57:01.1451507Z,weather-streaming-bigdata-spark-worker-1,0.13%,164.4MiB / 6.701GiB
2026-10-01T18:57:05.3730757Z,weather-kafka,2.64%,470.8MiB / 6.701GiB
2026-10-01T18:57:05.3730757Z,weather-spark-master,0.16%,325.1MiB / 6.701GiB
2026-10-01T18:57:05.3730757Z,weather-streaming-bigdata-spark-worker-1,0.17%,164.4MiB / 6.701GiB
2026-10-01T18:57:09.5282690Z,weather-kafka,1.55%,472.7MiB / 6.701GiB
2026-10-01T18:57:09.5282690Z,weather-spark-master,0.14%,325.1MiB / 6.701GiB
2026-10-01T18:57:09.5282690Z,weather-streaming-bigdata-spark-worker-1,0.13%,164.4MiB / 6.701GiB
2026-10-01T18:57:13.7194654Z,weather-kafka,1.38%,477.5MiB / 6.701GiB
2026-10-01T18:57:13.7194654Z,weather-spark-master,0.13%,325.1MiB / 6.701GiB
2026-10-01T18:57:13.7194654Z,weather-streaming-bigdata-spark-worker-1,0.13%,164.4MiB / 6.701GiB
2026-10-01T18:57:17.9189442Z,weather-kafka,6.84%,477.1MiB / 6.701GiB
2026-10-01T18:57:17.9189442Z,weather-spark-master,0.13%,325.1MiB / 6.701GiB
2026-10-01T18:57:17.9189442Z,weather-streaming-bigdata-spark-worker-1,0.13%,164.4MiB / 6.701GiB
2026-10-01T18:57:22.1348674Z,weather-kafka,1.65%,477.6MiB / 6.701GiB
2026-10-01T18:57:22.1348674Z,weather-spark-master,0.14%,325.1MiB / 6.701GiB
2026-10-01T18:57:22.1348674Z,weather-streaming-bigdata-spark-worker-1,0.11%,164.4MiB / 6.701GiB
2026-10-01T18:57:26.3345663Z,weather-kafka,1.61%,474.9MiB / 6.701GiB
2026-10-01T18:57:26.3345663Z,weather-spark-master,0.12%,325.1MiB / 6.701GiB
2026-10-01T18:57:26.3345663Z,weather-streaming-bigdata-spark-worker-1,0.11%,164.4MiB / 6.701GiB
2026-10-01T18:57:30.3684303Z,weather-kafka,1.30%,475.4MiB / 6.701GiB
2026-10-01T18:57:30.3684303Z,weather-spark-master,0.12%,325.1MiB / 6.701GiB
2026-10-01T18:57:30.3684303Z,weather-streaming-bigdata-spark-worker-1,0.16%,164.4MiB / 6.701GiB
2026-10-01T18:57:34.5620129Z,weather-kafka,1.60%,475.9MiB / 6.701GiB
2026-10-01T18:57:34.5620129Z,weather-spark-master,0.49%,325.4MiB / 6.701GiB
2026-10-01T18:57:34.5620129Z,weather-streaming-bigdata-spark-worker-1,0.31%,164.4MiB / 6.701GiB
2026-10-01T18:57:38.5554030Z,weather-kafka,1.73%,476.6MiB / 6.701GiB
2026-10-01T18:57:38.5554030Z,weather-spark-master,0.10%,325.4MiB / 6.701GiB
2026-10-01T18:57:38.5554030Z,weather-streaming-bigdata-spark-worker-1,0.13%,164.4MiB / 6.701GiB
2026-10-01T18:57:42.7472858Z,weather-kafka,1.49%,477.1MiB / 6.701GiB
2026-10-01T18:57:42.7472858Z,weather-spark-master,0.14%,325.4MiB / 6.701GiB
2026-10-01T18:57:42.7472858Z,weather-streaming-bigdata-spark-worker-1,0.13%,164.4MiB / 6.701GiB
2026-10-01T18:57:46.9444650Z,weather-kafka,1.62%,477.6MiB / 6.701GiB
2026-10-01T18:57:46.9444650Z,weather-spark-master,0.12%,325.4MiB / 6.701GiB
2026-10-01T18:57:46.9444650Z,weather-streaming-bigdata-spark-worker-1,0.13%,164.4MiB / 6.701GiB
2026-10-01T18:57:51.1389269Z,weather-kafka,1.76%,478.4MiB / 6.701GiB
2026-10-01T18:57:51.1389269Z,weather-spark-master,0.12%,325.4MiB / 6.701GiB
2026-10-01T18:57:51.1389269Z,weather-streaming-bigdata-spark-worker-1,0.13%,164.4MiB / 6.701GiB
2026-10-01T18:57:55.3392766Z,weather-kafka,1.97%,479.2MiB / 6.701GiB
2026-10-01T18:57:55.3392766Z,weather-spark-master,0.13%,325.4MiB / 6.701GiB
2026-10-01T18:57:55.3392766Z,weather-streaming-bigdata-spark-worker-1,0.13%,164.4MiB / 6.701GiB
2026-10-01T18:57:58.5975441Z,weather-kafka,1.50%,479.3MiB / 6.701GiB
2026-10-01T18:57:58.5975441Z,weather-spark-master,0.12%,325.4MiB / 6.701GiB
2026-10-01T18:57:58.5975441Z,weather-streaming-bigdata-spark-worker-1,0.12%,164.4MiB / 6.701GiB
2026-10-01T18:58:02.7895562Z,weather-kafka,1.37%,480.5MiB / 6.701GiB
2026-10-01T18:58:02.7895562Z,weather-spark-master,0.12%,325.4MiB / 6.701GiB
2026-10-01T18:58:02.7895562Z,weather-streaming-bigdata-spark-worker-1,0.11%,164.4MiB / 6.701GiB
2026-10-01T18:58:06.9885368Z,weather-kafka,4.56%,482.6MiB / 6.701GiB
2026-10-01T18:58:06.9885368Z,weather-spark-master,214.74%,486.6MiB / 6.701GiB
2026-10-01T18:58:06.9885368Z,weather-streaming-bigdata-spark-worker-1,0.12%,165.5MiB / 6.701GiB
2026-10-01T18:58:11.1896705Z,weather-kafka,1.65%,481.2MiB / 6.701GiB
2026-10-01T18:58:11.1896705Z,weather-spark-master,248.92%,780.7MiB / 6.701GiB
2026-10-01T18:58:11.1896705Z,weather-streaming-bigdata-spark-worker-1,0.09%,167.4MiB / 6.701GiB
2026-10-01T18:58:15.3812207Z,weather-kafka,1.41%,481.7MiB / 6.701GiB
2026-10-01T18:58:15.3812207Z,weather-spark-master,177.10%,878.5MiB / 6.701GiB
2026-10-01T18:58:15.3812207Z,weather-streaming-bigdata-spark-worker-1,0.10%,168.1MiB / 6.701GiB
2026-10-01T18:58:18.5789664Z,weather-kafka,1.40%,482.2MiB / 6.701GiB
2026-10-01T18:58:18.5789664Z,weather-spark-master,469.49%,1.045GiB / 6.701GiB
2026-10-01T18:58:18.5789664Z,weather-streaming-bigdata-spark-worker-1,0.11%,168.2MiB / 6.701GiB
2026-10-01T18:58:22.7801291Z,weather-kafka,1.76%,483.5MiB / 6.701GiB
2026-10-01T18:58:22.7801291Z,weather-spark-master,490.88%,1.245GiB / 6.701GiB
2026-10-01T18:58:22.7801291Z,weather-streaming-bigdata-spark-worker-1,0.11%,168.4MiB / 6.701GiB
2026-10-01T18:58:26.9907226Z,weather-kafka,1.73%,483.7MiB / 6.701GiB
2026-10-01T18:58:26.9907226Z,weather-spark-master,448.08%,1.42GiB / 6.701GiB
2026-10-01T18:58:26.9907226Z,weather-streaming-bigdata-spark-worker-1,0.11%,170MiB / 6.701GiB
2026-10-01T18:58:31.2108555Z,weather-kafka,1.74%,484.5MiB / 6.701GiB
2026-10-01T18:58:31.2108555Z,weather-spark-master,0.17%,413.2MiB / 6.701GiB
2026-10-01T18:58:31.2108555Z,weather-streaming-bigdata-spark-worker-1,0.12%,170.5MiB / 6.701GiB
2026-10-01T18:58:35.4157597Z,weather-kafka,1.69%,484.7MiB / 6.701GiB
2026-10-01T18:58:35.4157597Z,weather-spark-master,0.12%,413.2MiB / 6.701GiB
2026-10-01T18:58:35.4157597Z,weather-streaming-bigdata-spark-worker-1,0.11%,170.5MiB / 6.701GiB
2026-10-01T18:58:39.5870462Z,weather-kafka,1.54%,485.9MiB / 6.701GiB
2026-10-01T18:58:39.5870462Z,weather-spark-master,0.13%,413.1MiB / 6.701GiB
2026-10-01T18:58:39.5870462Z,weather-streaming-bigdata-spark-worker-1,0.14%,170.5MiB / 6.701GiB
2026-10-01T18:58:43.7927379Z,weather-kafka,1.49%,486.2MiB / 6.701GiB
2026-10-01T18:58:43.7927379Z,weather-spark-master,0.13%,413.1MiB / 6.701GiB
2026-10-01T18:58:43.7927379Z,weather-streaming-bigdata-spark-worker-1,0.14%,170.5MiB / 6.701GiB
2026-10-01T18:58:47.9915328Z,weather-kafka,1.65%,487.3MiB / 6.701GiB
2026-10-01T18:58:47.9915328Z,weather-spark-master,237.70%,641.9MiB / 6.701GiB
2026-10-01T18:58:47.9915328Z,weather-streaming-bigdata-spark-worker-1,0.10%,170.5MiB / 6.701GiB
2026-10-01T18:58:52.2058946Z,weather-kafka,1.79%,487MiB / 6.701GiB
2026-10-01T18:58:52.2058946Z,weather-spark-master,276.13%,869MiB / 6.701GiB
2026-10-01T18:58:52.2058946Z,weather-streaming-bigdata-spark-worker-1,171.59%,288MiB / 6.701GiB
2026-10-01T18:58:56.4008107Z,weather-kafka,3.39%,488.5MiB / 6.701GiB
2026-10-01T18:58:56.4008107Z,weather-spark-master,151.21%,999.7MiB / 6.701GiB
2026-10-01T18:58:56.4008107Z,weather-streaming-bigdata-spark-worker-1,0.29%,435.1MiB / 6.701GiB
2026-10-01T18:59:00.4340921Z,weather-kafka,4.11%,498.6MiB / 6.701GiB
2026-10-01T18:59:00.4340921Z,weather-spark-master,15.05%,1.023GiB / 6.701GiB
2026-10-01T18:59:00.4340921Z,weather-streaming-bigdata-spark-worker-1,331.61%,541.6MiB / 6.701GiB
2026-10-01T18:59:04.6358213Z,weather-kafka,1.36%,548.3MiB / 6.701GiB
2026-10-01T18:59:04.6358213Z,weather-spark-master,87.59%,1.145GiB / 6.701GiB
2026-10-01T18:59:04.6358213Z,weather-streaming-bigdata-spark-worker-1,207.15%,602.3MiB / 6.701GiB
2026-10-01T18:59:08.5811166Z,weather-kafka,2.45%,548.4MiB / 6.701GiB
2026-10-01T18:59:08.5811166Z,weather-spark-master,380.42%,1.192GiB / 6.701GiB
2026-10-01T18:59:08.5811166Z,weather-streaming-bigdata-spark-worker-1,147.39%,783MiB / 6.701GiB
2026-10-01T18:59:12.7847053Z,weather-kafka,1.48%,547.9MiB / 6.701GiB
2026-10-01T18:59:12.7847053Z,weather-spark-master,248.17%,1.237GiB / 6.701GiB
2026-10-01T18:59:12.7847053Z,weather-streaming-bigdata-spark-worker-1,238.05%,866MiB / 6.701GiB
2026-10-01T18:59:16.9903713Z,weather-kafka,1.52%,548.7MiB / 6.701GiB
2026-10-01T18:59:16.9903713Z,weather-spark-master,294.78%,1.286GiB / 6.701GiB
2026-10-01T18:59:16.9903713Z,weather-streaming-bigdata-spark-worker-1,183.29%,1.055GiB / 6.701GiB
2026-10-01T18:59:21.1926599Z,weather-kafka,1.64%,550.4MiB / 6.701GiB
2026-10-01T18:59:21.1926599Z,weather-spark-master,284.38%,1.323GiB / 6.701GiB
2026-10-01T18:59:21.1926599Z,weather-streaming-bigdata-spark-worker-1,353.09%,1.171GiB / 6.701GiB
2026-10-01T18:59:25.4018012Z,weather-kafka,1.59%,550.1MiB / 6.701GiB
2026-10-01T18:59:25.4018012Z,weather-spark-master,330.52%,1.368GiB / 6.701GiB
2026-10-01T18:59:25.4018012Z,weather-streaming-bigdata-spark-worker-1,153.55%,1.323GiB / 6.701GiB
