location_id,split,row_count,min_target_time_utc,max_target_time_utc
VN_BACGIANG,TEST,8760,2025-01-01T00:00:00,2025-12-31T23:00:00
VN_BACGIANG,TRAIN,35039,2020-01-02T01:00:00,2023-12-31T23:00:00
VN_BACGIANG,VALIDATION,8784,2024-01-01T00:00:00,2024-12-31T23:00:00
VN_BACKAN,TEST,8760,2025-01-01T00:00:00,2025-12-31T23:00:00
VN_BACKAN,TRAIN,35039,2020-01-02T01:00:00,2023-12-31T23:00:00
VN_BACKAN,VALIDATION,8784,2024-01-01T00:00:00,2024-12-31T23:00:00
VN_BACLIEU,TEST,8760,2025-01-01T00:00:00,2025-12-31T23:00:00
VN_BACLIEU,TRAIN,35039,2020-01-02T01:00:00,2023-12-31T23:00:00
VN_BACLIEU,VALIDATION,8784,2024-01-01T00:00:00,2024-12-31T23:00:00
VN_BACNINH,TEST,8760,2025-01-01T00:00:00,2025-12-31T23:00:00
VN_BACNINH,TRAIN,35039,2020-01-02T01:00:00,2023-12-31T23:00:00
VN_BACNINH,VALIDATION,8784,2024-01-01T00:00:00,2024-12-31T23:00:00
VN_BENTRE,TEST,8760,2025-01-01T00:00:00,2025-12-31T23:00:00
VN_BENTRE,TRAIN,35039,2020-01-02T01:00:00,2023-12-31T23:00:00
VN_BENTRE,VALIDATION,8784,2024-01-01T00:00:00,2024-12-31T23:00:00
VN_BIENHOA,TEST,8760,2025-01-01T00:00:00,2025-12-31T23:00:00
VN_BIENHOA,TRAIN,35039,2020-01-02T01:00:00,2023-12-31T23:00:00
VN_BIENHOA,VALIDATION,8784,2024-01-01T00:00:00,2024-12-31T23:00:00
VN_BMT,TEST,8760,2025-01-01T00:00:00,2025-12-31T23:00:00
VN_BMT,TRAIN,35039,2020-01-02T01:00:00,2023-12-31T23:00:00
VN_BMT,VALIDATION,8784,2024-01-01T00:00:00,2024-12-31T23:00:00
VN_CAMAU,TEST,8760,2025-01-01T00:00:00,2025-12-31T23:00:00
VN_CAMAU,TRAIN,35039,2020-01-02T01:00:00,2023-12-31T23:00:00
VN_CAMAU,VALIDATION,8784,2024-01-01T00:00:00,2024-12-31T23:00:00
VN_CANTHO,TEST,8760,2025-01-01T00:00:00,2025-12-31T23:00:00
VN_CANTHO,TRAIN,35039,2020-01-02T01:00:00,2023-12-31T23:00:00
VN_CANTHO,VALIDATION,8784,2024-01-01T00:00:00,2024-12-31T23:00:00
VN_CAOBANG,TEST,8760,2025-01-01T00:00:00,2025-12-31T23:00:00
VN_CAOBANG,TRAIN,35039,2020-01-02T01:00:00,2023-12-31T23:00:00
VN_CAOBANG,VALIDATION,8784,2024-01-01T00:00:00,2024-12-31T23:00:00
VN_CAOLANH,TEST,8760,2025-01-01T00:00:00,2025-12-31T23:00:00
VN_CAOLANH,TRAIN,35039,2020-01-02T01:00:00,2023-12-31T23:00:00
VN_CAOLANH,VALIDATION,8784,2024-01-01T00:00:00,2024-12-31T23:00:00
VN_DALAT,TEST,8760,2025-01-01T00:00:00,2025-12-31T23:00:00
VN_DALAT,TRAIN,35039,2020-01-02T01:00:00,2023-12-31T23:00:00
VN_DALAT,VALIDATION,8784,2024-01-01T00:00:00,2024-12-31T23:00:00
VN_DANANG,TEST,8760,2025-01-01T00:00:00,2025-12-31T23:00:00
VN_DANANG,TRAIN,35039,2020-01-02T01:00:00,2023-12-31T23:00:00
VN_DANANG,VALIDATION,8784,2024-01-01T00:00:00,2024-12-31T23:00:00
VN_DIENBIENPHU,TEST,8760,2025-01-01T00:00:00,2025-12-31T23:00:00
VN_DIENBIENPHU,TRAIN,35039,2020-01-02T01:00:00,2023-12-31T23:00:00
VN_DIENBIENPHU,VALIDATION,8784,2024-01-01T00:00:00,2024-12-31T23:00:00
VN_DONGHA,TEST,8760,2025-01-01T00:00:00,2025-12-31T23:00:00
VN_DONGHA,TRAIN,35039,2020-01-02T01:00:00,2023-12-31T23:00:00
VN_DONGHA,VALIDATION,8784,2024-01-01T00:00:00,2024-12-31T23:00:00
VN_DONGHOI,TEST,8760,2025-01-01T00:00:00,2025-12-31T23:00:00
VN_DONGHOI,TRAIN,35039,2020-01-02T01:00:00,2023-12-31T23:00:00
VN_DONGHOI,VALIDATION,8784,2024-01-01T00:00:00,2024-12-31T23:00:00
VN_DONGXOAI,TEST,8760,2025-01-01T00:00:00,2025-12-31T23:00:00
VN_DONGXOAI,TRAIN,35039,2020-01-02T01:00:00,2023-12-31T23:00:00
VN_DONGXOAI,VALIDATION,8784,2024-01-01T00:00:00,2024-12-31T23:00:00
VN_GIANGHIA,TEST,8760,2025-01-01T00:00:00,2025-12-31T23:00:00
VN_GIANGHIA,TRAIN,35039,2020-01-02T01:00:00,2023-12-31T23:00:00
VN_GIANGHIA,VALIDATION,8784,2024-01-01T00:00:00,2024-12-31T23:00:00
VN_HAGIANG,TEST,8760,2025-01-01T00:00:00,2025-12-31T23:00:00
VN_HAGIANG,TRAIN,35039,2020-01-02T01:00:00,2023-12-31T23:00:00
VN_HAGIANG,VALIDATION,8784,2024-01-01T00:00:00,2024-12-31T23:00:00
VN_HAIDUONG,TEST,8760,2025-01-01T00:00:00,2025-12-31T23:00:00
VN_HAIDUONG,TRAIN,35039,2020-01-02T01:00:00,2023-12-31T23:00:00
VN_HAIDUONG,VALIDATION,8784,2024-01-01T00:00:00,2024-12-31T23:00:00
VN_HAIPHONG,TEST,8760,2025-01-01T00:00:00,2025-12-31T23:00:00
VN_HAIPHONG,TRAIN,35039,2020-01-02T01:00:00,2023-12-31T23:00:00
VN_HAIPHONG,VALIDATION,8784,2024-01-01T00:00:00,2024-12-31T23:00:00
VN_HALONG,TEST,8760,2025-01-01T00:00:00,2025-12-31T23:00:00
VN_HALONG,TRAIN,35039,2020-01-02T01:00:00,2023-12-31T23:00:00
VN_HALONG,VALIDATION,8784,2024-01-01T00:00:00,2024-12-31T23:00:00
VN_HANOI,TEST,8760,2025-01-01T00:00:00,2025-12-31T23:00:00
VN_HANOI,TRAIN,35039,2020-01-02T01:00:00,2023-12-31T23:00:00
VN_HANOI,VALIDATION,8784,2024-01-01T00:00:00,2024-12-31T23:00:00
VN_HATINH,TEST,8760,2025-01-01T00:00:00,2025-12-31T23:00:00
VN_HATINH,TRAIN,35039,2020-01-02T01:00:00,2023-12-31T23:00:00
VN_HATINH,VALIDATION,8784,2024-01-01T00:00:00,2024-12-31T23:00:00
VN_HCM,TEST,8760,2025-01-01T00:00:00,2025-12-31T23:00:00
VN_HCM,TRAIN,35039,2020-01-02T01:00:00,2023-12-31T23:00:00
VN_HCM,VALIDATION,8784,2024-01-01T00:00:00,2024-12-31T23:00:00
VN_HOABINH,TEST,8760,2025-01-01T00:00:00,2025-12-31T23:00:00
VN_HOABINH,TRAIN,35039,2020-01-02T01:00:00,2023-12-31T23:00:00
VN_HOABINH,VALIDATION,8784,2024-01-01T00:00:00,2024-12-31T23:00:00
VN_HUE,TEST,8760,2025-01-01T00:00:00,2025-12-31T23:00:00
VN_HUE,TRAIN,35039,2020-01-02T01:00:00,2023-12-31T23:00:00
VN_HUE,VALIDATION,8784,2024-01-01T00:00:00,2024-12-31T23:00:00
VN_HUNGYEN,TEST,8760,2025-01-01T00:00:00,2025-12-31T23:00:00
VN_HUNGYEN,TRAIN,35039,2020-01-02T01:00:00,2023-12-31T23:00:00
VN_HUNGYEN,VALIDATION,8784,2024-01-01T00:00:00,2024-12-31T23:00:00
VN_KONTUM,TEST,8760,2025-01-01T00:00:00,2025-12-31T23:00:00
VN_KONTUM,TRAIN,35039,2020-01-02T01:00:00,2023-12-31T23:00:00
VN_KONTUM,VALIDATION,8784,2024-01-01T00:00:00,2024-12-31T23:00:00
VN_LAICHAU,TEST,8760,2025-01-01T00:00:00,2025-12-31T23:00:00
VN_LAICHAU,TRAIN,35039,2020-01-02T01:00:00,2023-12-31T23:00:00
VN_LAICHAU,VALIDATION,8784,2024-01-01T00:00:00,2024-12-31T23:00:00
VN_LANGSON,TEST,8760,2025-01-01T00:00:00,2025-12-31T23:00:00
VN_LANGSON,TRAIN,35039,2020-01-02T01:00:00,2023-12-31T23:00:00
VN_LANGSON,VALIDATION,8784,2024-01-01T00:00:00,2024-12-31T23:00:00
VN_LAOCAI,TEST,8760,2025-01-01T00:00:00,2025-12-31T23:00:00
VN_LAOCAI,TRAIN,35039,2020-01-02T01:00:00,2023-12-31T23:00:00
VN_LAOCAI,VALIDATION,8784,2024-01-01T00:00:00,2024-12-31T23:00:00
VN_LONGXUYEN,TEST,8760,2025-01-01T00:00:00,2025-12-31T23:00:00
VN_LONGXUYEN,TRAIN,35039,2020-01-02T01:00:00,2023-12-31T23:00:00
VN_LONGXUYEN,VALIDATION,8784,2024-01-01T00:00:00,2024-12-31T23:00:00
VN_MYTHO,TEST,8760,2025-01-01T00:00:00,2025-12-31T23:00:00
VN_MYTHO,TRAIN,35039,2020-01-02T01:00:00,2023-12-31T23:00:00
VN_MYTHO,VALIDATION,8784,2024-01-01T00:00:00,2024-12-31T23:00:00
VN_NAMDINH,TEST,8760,2025-01-01T00:00:00,2025-12-31T23:00:00
VN_NAMDINH,TRAIN,35039,2020-01-02T01:00:00,2023-12-31T23:00:00
VN_NAMDINH,VALIDATION,8784,2024-01-01T00:00:00,2024-12-31T23:00:00
VN_NHATRANG,TEST,8760,2025-01-01T00:00:00,2025-12-31T23:00:00
VN_NHATRANG,TRAIN,35039,2020-01-02T01:00:00,2023-12-31T23:00:00
VN_NHATRANG,VALIDATION,8784,2024-01-01T00:00:00,2024-12-31T23:00:00
VN_NINHBINH,TEST,8760,2025-01-01T00:00:00,2025-12-31T23:00:00
VN_NINHBINH,TRAIN,35039,2020-01-02T01:00:00,2023-12-31T23:00:00
VN_NINHBINH,VALIDATION,8784,2024-01-01T00:00:00,2024-12-31T23:00:00
VN_PHANRANGTHAPCHAM,TEST,8760,2025-01-01T00:00:00,2025-12-31T23:00:00
VN_PHANRANGTHAPCHAM,TRAIN,35039,2020-01-02T01:00:00,2023-12-31T23:00:00
VN_PHANRANGTHAPCHAM,VALIDATION,8784,2024-01-01T00:00:00,2024-12-31T23:00:00
VN_PHANTHIET,TEST,8760,2025-01-01T00:00:00,2025-12-31T23:00:00
VN_PHANTHIET,TRAIN,35039,2020-01-02T01:00:00,2023-12-31T23:00:00
VN_PHANTHIET,VALIDATION,8784,2024-01-01T00:00:00,2024-12-31T23:00:00
VN_PHULY,TEST,8760,2025-01-01T00:00:00,2025-12-31T23:00:00
VN_PHULY,TRAIN,35039,2020-01-02T01:00:00,2023-12-31T23:00:00
VN_PHULY,VALIDATION,8784,2024-01-01T00:00:00,2024-12-31T23:00:00
VN_PLEIKU,TEST,8760,2025-01-01T00:00:00,2025-12-31T23:00:00
VN_PLEIKU,TRAIN,35039,2020-01-02T01:00:00,2023-12-31T23:00:00
VN_PLEIKU,VALIDATION,8784,2024-01-01T00:00:00,2024-12-31T23:00:00
VN_QUANGNGAI,TEST,8760,2025-01-01T00:00:00,2025-12-31T23:00:00
VN_QUANGNGAI,TRAIN,35039,2020-01-02T01:00:00,2023-12-31T23:00:00
VN_QUANGNGAI,VALIDATION,8784,2024-01-01T00:00:00,2024-12-31T23:00:00
VN_QUYNHON,TEST,8760,2025-01-01T00:00:00,2025-12-31T23:00:00
VN_QUYNHON,TRAIN,35039,2020-01-02T01:00:00,2023-12-31T23:00:00
VN_QUYNHON,VALIDATION,8784,2024-01-01T00:00:00,2024-12-31T23:00:00
VN_RACHGIA,TEST,8760,2025-01-01T00:00:00,2025-12-31T23:00:00
VN_RACHGIA,TRAIN,35039,2020-01-02T01:00:00,2023-12-31T23:00:00
VN_RACHGIA,VALIDATION,8784,2024-01-01T00:00:00,2024-12-31T23:00:00
VN_SOCTRANG,TEST,8760,2025-01-01T00:00:00,2025-12-31T23:00:00
VN_SOCTRANG,TRAIN,35039,2020-01-02T01:00:00,2023-12-31T23:00:00
VN_SOCTRANG,VALIDATION,8784,2024-01-01T00:00:00,2024-12-31T23:00:00
VN_SONLA,TEST,8760,2025-01-01T00:00:00,2025-12-31T23:00:00
VN_SONLA,TRAIN,35039,2020-01-02T01:00:00,2023-12-31T23:00:00
VN_SONLA,VALIDATION,8784,2024-01-01T00:00:00,2024-12-31T23:00:00
VN_TAMKY,TEST,8760,2025-01-01T00:00:00,2025-12-31T23:00:00
VN_TAMKY,TRAIN,35039,2020-01-02T01:00:00,2023-12-31T23:00:00
VN_TAMKY,VALIDATION,8784,2024-01-01T00:00:00,2024-12-31T23:00:00
VN_TANAN,TEST,8760,2025-01-01T00:00:00,2025-12-31T23:00:00
VN_TANAN,TRAIN,35039,2020-01-02T01:00:00,2023-12-31T23:00:00
VN_TANAN,VALIDATION,8784,2024-01-01T00:00:00,2024-12-31T23:00:00
VN_TAYNINH,TEST,8760,2025-01-01T00:00:00,2025-12-31T23:00:00
VN_TAYNINH,TRAIN,35039,2020-01-02T01:00:00,2023-12-31T23:00:00
VN_TAYNINH,VALIDATION,8784,2024-01-01T00:00:00,2024-12-31T23:00:00
VN_THAIBINH,TEST,8760,2025-01-01T00:00:00,2025-12-31T23:00:00
VN_THAIBINH,TRAIN,35039,2020-01-02T01:00:00,2023-12-31T23:00:00
VN_THAIBINH,VALIDATION,8784,2024-01-01T00:00:00,2024-12-31T23:00:00
VN_THAINGUYEN,TEST,8760,2025-01-01T00:00:00,2025-12-31T23:00:00
VN_THAINGUYEN,TRAIN,35039,2020-01-02T01:00:00,2023-12-31T23:00:00
VN_THAINGUYEN,VALIDATION,8784,2024-01-01T00:00:00,2024-12-31T23:00:00
VN_THANHHOA,TEST,8760,2025-01-01T00:00:00,2025-12-31T23:00:00
VN_THANHHOA,TRAIN,35039,2020-01-02T01:00:00,2023-12-31T23:00:00
VN_THANHHOA,VALIDATION,8784,2024-01-01T00:00:00,2024-12-31T23:00:00
VN_THUDAUMOT,TEST,8760,2025-01-01T00:00:00,2025-12-31T23:00:00
VN_THUDAUMOT,TRAIN,35039,2020-01-02T01:00:00,2023-12-31T23:00:00
VN_THUDAUMOT,VALIDATION,8784,2024-01-01T00:00:00,2024-12-31T23:00:00
VN_TRAVINH,TEST,8760,2025-01-01T00:00:00,2025-12-31T23:00:00
VN_TRAVINH,TRAIN,35039,2020-01-02T01:00:00,2023-12-31T23:00:00
VN_TRAVINH,VALIDATION,8784,2024-01-01T00:00:00,2024-12-31T23:00:00
VN_TUYENQUANG,TEST,8760,2025-01-01T00:00:00,2025-12-31T23:00:00
VN_TUYENQUANG,TRAIN,35039,2020-01-02T01:00:00,2023-12-31T23:00:00
VN_TUYENQUANG,VALIDATION,8784,2024-01-01T00:00:00,2024-12-31T23:00:00
VN_TUYHOA,TEST,8760,2025-01-01T00:00:00,2025-12-31T23:00:00
VN_TUYHOA,TRAIN,35039,2020-01-02T01:00:00,2023-12-31T23:00:00
VN_TUYHOA,VALIDATION,8784,2024-01-01T00:00:00,2024-12-31T23:00:00
VN_VIETTRI,TEST,8760,2025-01-01T00:00:00,2025-12-31T23:00:00
VN_VIETTRI,TRAIN,35039,2020-01-02T01:00:00,2023-12-31T23:00:00
VN_VIETTRI,VALIDATION,8784,2024-01-01T00:00:00,2024-12-31T23:00:00
VN_VINH,TEST,8760,2025-01-01T00:00:00,2025-12-31T23:00:00
VN_VINH,TRAIN,35039,2020-01-02T01:00:00,2023-12-31T23:00:00
VN_VINH,VALIDATION,8784,2024-01-01T00:00:00,2024-12-31T23:00:00
VN_VINHLONG,TEST,8760,2025-01-01T00:00:00,2025-12-31T23:00:00
VN_VINHLONG,TRAIN,35039,2020-01-02T01:00:00,2023-12-31T23:00:00
VN_VINHLONG,VALIDATION,8784,2024-01-01T00:00:00,2024-12-31T23:00:00
VN_VINHYEN,TEST,8760,2025-01-01T00:00:00,2025-12-31T23:00:00
VN_VINHYEN,TRAIN,35039,2020-01-02T01:00:00,2023-12-31T23:00:00
VN_VINHYEN,VALIDATION,8784,2024-01-01T00:00:00,2024-12-31T23:00:00
VN_VITHANH,TEST,8760,2025-01-01T00:00:00,2025-12-31T23:00:00
VN_VITHANH,TRAIN,35039,2020-01-02T01:00:00,2023-12-31T23:00:00
VN_VITHANH,VALIDATION,8784,2024-01-01T00:00:00,2024-12-31T23:00:00
VN_VUNGTAU,TEST,8760,2025-01-01T00:00:00,2025-12-31T23:00:00
VN_VUNGTAU,TRAIN,35039,2020-01-02T01:00:00,2023-12-31T23:00:00
VN_VUNGTAU,VALIDATION,8784,2024-01-01T00:00:00,2024-12-31T23:00:00
VN_YENBAI,TEST,8760,2025-01-01T00:00:00,2025-12-31T23:00:00
VN_YENBAI,TRAIN,35039,2020-01-02T01:00:00,2023-12-31T23:00:00
VN_YENBAI,VALIDATION,8784,2024-01-01T00:00:00,2024-12-31T23:00:00
