location_id,sample_count,xgboost_mae,persistence_mae,mae_skill,xgboost_bias,xgboost_rmse,xgboost_r2,persistence_rmse,mae_comparison
VN_BACGIANG,8760,0.7106508372036834,1.343550244858276,0.47106493417471984,0.08501059666071853,0.9434574743712515,0.9706755956446044,1.7477849836406707,better
VN_BACKAN,8760,0.7719255450653704,1.5685844824194364,0.50788398475374,0.11602763966338275,1.0201940634629372,0.9660285816909591,1.9931389175378316,better
VN_BACLIEU,8760,0.4490247506529229,1.21796802951865,0.6313328923499077,0.1071387802629166,0.5938958336283523,0.8343946291732663,1.5138651426287681,better
VN_BACNINH,8760,0.6826297943450544,1.3707648480863877,0.5020080976704225,0.012472125547661628,0.9079598031826974,0.9730112269645659,1.747462945653807,better
VN_BENTRE,8760,0.5758455727198353,1.4245205469871765,0.5957618344377458,0.08360981767036055,0.7802244562606461,0.8650824470480264,1.7614608307489876,better
VN_BIENHOA,8760,0.5848336348250577,1.2973059355940448,0.549193741600158,0.06854099574154371,0.7794915096793114,0.9135150213634563,1.6926438935360733,better
VN_BMT,8760,0.7016944288663124,1.2495319644065752,0.43843419067749945,0.28963228338929614,0.9197567513499233,0.924350565119848,1.636505980072681,better
VN_CAMAU,8760,0.5651570067558115,1.1572374339517393,0.5116326259634456,-0.024298650053538144,0.7537566974860462,0.8958573319710418,1.5523895209363587,better
VN_CANTHO,8760,0.5595369369471999,1.252191775030197,0.5531539592378281,-0.030271507071577795,0.7482665355730179,0.8867409030765993,1.58086156246418,better
VN_CAOBANG,8760,0.7895506795682864,1.6855821779329483,0.5315857690566456,0.010950536814998819,1.056018180117119,0.967643599221006,2.1281085285611794,better
VN_CAOLANH,8760,0.6359506837853558,1.3321575206164356,0.5226160015287986,-0.16052593292166653,0.8535031008262389,0.8893941503236065,1.7128692835524002,better
VN_DALAT,8760,0.6375363717884778,1.4442123292243645,0.5585577280517497,0.2355322278253564,0.8376958966496046,0.9073445489714177,1.9409534340653403,better
VN_DANANG,8760,0.5585706297121091,1.101906372967376,0.49308703224221506,0.29604830241094443,0.7413270051994366,0.9559616344444399,1.430260445431569,better
VN_DIENBIENPHU,8760,0.8277372104392204,1.9516894906078843,0.5758868332167897,0.03811112571524703,1.1135862344344847,0.9505363482848548,2.429971239390404,better
VN_DONGHA,8760,0.7360010287533068,1.1987328669796251,0.38601747809938325,0.3377041530391397,0.9516114155660838,0.9541951090045657,1.6124136628611005,better
VN_DONGHOI,8760,0.602348380981515,1.1076369859312223,0.4561861073327166,0.2820603547030932,0.7937847883034594,0.9652729750896565,1.4393344954687044,better
VN_DONGXOAI,8760,0.6390173030226198,1.4706278559279768,0.5654799407975342,0.025175390069343183,0.8574504741666248,0.9105417871009183,1.881792406115756,better
VN_GIANGHIA,8760,0.7004757963903419,1.5681506678393986,0.5533109089858955,0.03545231797379446,0.917605143869523,0.9211029583651148,2.0951471373105375,better
VN_HAGIANG,8760,0.8419079828480063,1.9913013573106566,0.5772071465943048,-0.008673154491267793,1.100715049778586,0.9591019025208505,2.41338588948001,better
VN_HAIDUONG,8760,0.6525567776536289,1.3376370038071723,0.5121570532242106,0.03571706177437142,0.8677078542691141,0.9749438955263815,1.7024193874189169,better
VN_HAIPHONG,8760,0.6951088202054098,1.219520529764428,0.4300146629432452,0.184670364040218,0.9292162732725555,0.9697906703684092,1.600803865141475,better
VN_HALONG,8760,0.6683547028667851,1.3076255623064084,0.48887913930962645,0.24642651788720257,0.8956601669852985,0.9689361807181839,1.6322736702227079,better
VN_HANOI,8760,0.667631149509726,1.2722260266678518,0.4752259932471663,0.14914559664791577,0.8844458765466263,0.9743210010528512,1.6386586277383701,better
VN_HATINH,8760,0.6495901407172147,1.240707753673536,0.47643581754536246,0.38531803529556485,0.8393888864480294,0.9682158355939171,1.558183579854066,better
VN_HCM,8760,0.5524676059479039,1.416461180116488,0.6099662922619102,0.0917474156645335,0.7411304454955814,0.9113835372821555,1.8407953035515014,better
VN_HOABINH,8760,0.6977100178531316,1.3881963439183693,0.497398173601472,0.1540848305236259,0.9328319246696756,0.9698753033655072,1.7496601038833974,better
VN_HUE,8760,0.6050421555836996,1.3102397128327252,0.5382202587375371,0.20631584946967696,0.8021000551351606,0.9588259165464619,1.6994952914105332,better
VN_HUNGYEN,8760,0.6645091968039943,1.1968378895493947,0.4447792782912482,0.09697422796188424,0.8821528829233124,0.9743062712226187,1.5590137694787545,better
VN_KONTUM,8760,0.789220553010566,1.5789155238295254,0.5001502353359737,0.3063273749939383,1.0262660608933212,0.9256718289672847,2.133530690878293,better
VN_LAICHAU,8760,0.8970937994517147,1.8351484109277594,0.5111600815989651,-0.15596986383063607,1.1702231395142335,0.9510006582449448,2.3001595692899963,better
VN_LANGSON,8760,0.7267584656471531,1.5730479409161224,0.5379934414307179,0.20149482325331805,0.9829321160829474,0.9706097851649532,1.9768023939290533,better
VN_LAOCAI,8760,0.9086246849739388,2.2523858289196066,0.5965945650573661,-0.03322463862972173,1.1915390731210362,0.9555509802297419,2.807604428803238,better
VN_LONGXUYEN,8760,0.6128751504366801,1.3311643641833302,0.5395946834764622,-0.12942919905327227,0.8188418661581516,0.8859313548614799,1.6699540471714314,better
VN_MYTHO,8760,0.6307569423222651,1.344509120618916,0.530864512074184,0.16591882596821544,0.8539196940624727,0.8553662326277244,1.7081669763097023,better
VN_NAMDINH,8760,0.6455102127980968,1.284372148339607,0.4974118571221038,0.057820556152901145,0.8441397086852559,0.9749422094626246,1.6487143976359178,better
VN_NHATRANG,8760,0.6093290394299651,1.2147830882573236,0.49840506892133085,0.3684131709407998,0.8058215469944608,0.9334514578415934,1.6021941815646878,better
VN_NINHBINH,8760,0.6641934786757377,1.3084132493358769,0.4923672020190346,0.138451625440763,0.880413499823073,0.9730300531925176,1.6886773868899352,better
VN_PHANRANGTHAPCHAM,8760,0.561511239831306,1.344383539565622,0.5823280906781011,0.1761226425432179,0.754544557329153,0.9339824080569522,1.7471124016871709,better
VN_PHANTHIET,8760,0.565715609511284,1.1996004568387384,0.5284133093762795,0.1560662178144063,0.7412747718269231,0.9041581106046501,1.5775613373608963,better
VN_PHULY,8760,0.6637400577057442,1.5039269382550837,0.5586620328273114,0.1250699180446259,0.8790700058358871,0.9743805734683586,1.8774071278141498,better
VN_PLEIKU,8760,0.6577848017487896,1.35214610861861,0.5135253523594423,0.166441216860732,0.8653120952855189,0.9368099311725293,1.8232704250691312,better
VN_QUANGNGAI,8760,0.6190169149337839,1.4266552446095366,0.5661061652612482,0.22737296052175027,0.7992789489922497,0.9592672239485851,1.8071607335789575,better
VN_QUYNHON,8760,0.5532725277556676,1.461906415469026,0.6215403928040358,0.3034599678701462,0.7242108609227449,0.938201134656061,1.8255358355752438,better
VN_RACHGIA,8760,0.5771835980350024,1.1980365160937723,0.5182253710288198,-0.07995012187522296,0.7599463186529666,0.8852004752109631,1.5500044083348525,better
VN_SOCTRANG,8760,0.5445381680580035,1.3873972611884549,0.6075109968203714,0.025576097889033627,0.7309067917727367,0.8560745929106588,1.721055463837116,better
VN_SONLA,8760,0.8649057495539592,1.5724314956904546,0.4499564833670677,0.006734600078025365,1.1335800954443929,0.9565511428605633,1.9716127452296424,better
VN_TAMKY,8760,0.531695596050454,1.3395662080207371,0.6030837498983678,0.19251831503219255,0.6953167054576321,0.9629073212477308,1.6795302588380763,better
VN_TANAN,8760,0.5497980694792587,1.4098630060343982,0.6100344025440407,0.04499013304166054,0.745201498799527,0.9026802293057513,1.7618399145864323,better
VN_TAYNINH,8760,0.6535575688157452,1.4627853946598697,0.5532102171640072,0.053308254398711744,0.8694407963471267,0.9071037853377766,1.8542060082724103,better
VN_THAIBINH,8760,0.652714291555152,1.282945206829402,0.4912375929380234,0.03449399101135393,0.8548231118659768,0.9743039347954078,1.6352342055095503,better
VN_THAINGUYEN,8760,0.7267006374929593,1.3693264732077786,0.469300673205716,0.21945631640142502,0.9580743518868524,0.9689852158421322,1.7811317547667582,better
VN_THANHHOA,8760,0.6978753252116513,1.4118493097013534,0.5057012668304721,0.23233932240368568,0.9126544142024051,0.9706785465436718,1.7889852043930052,better
VN_THUDAUMOT,8760,0.5707681629755725,1.4306392695805799,0.6010397763351593,0.10140741862118516,0.7713185524227828,0.9153191011557146,1.8106471029796722,better
VN_TRAVINH,8760,0.6223321313727392,1.2268036345912985,0.4927206654550994,0.16378059996861846,0.8481435104121413,0.8463593563634666,1.570478213454003,better
VN_TUYENQUANG,8760,0.7407408875961826,1.7268264858690026,0.5710391902962881,0.10291938112206656,0.9742342608966325,0.9675304741801845,2.10216511565412,better
VN_TUYHOA,8760,0.5056528679312092,1.2324999862609933,0.5897339768212115,0.20516972694222785,0.6486919551174121,0.9531839551502381,1.6255083493476816,better
VN_VIETTRI,8760,0.7409032676862255,1.2132876722779993,0.3893424580049115,0.23072393876776848,0.9831215939743034,0.9668517962159934,1.5895434554646786,better
VN_VINH,8760,0.6620725709009389,1.2357077460310775,0.4642158932583983,0.29471332569644876,0.8621163224269898,0.9699476672380537,1.567420873295861,better
VN_VINHLONG,8760,0.5769723876970544,1.3225456531733684,0.5637410426531257,0.02762280141926247,0.7900867367182056,0.87750597506717,1.6509416637351804,better
VN_VINHYEN,8760,0.7160581069449856,1.3940182615088546,0.48633520326344926,0.15609397637789652,0.9582358085581761,0.9684951831798347,1.7380656293774694,better
VN_VITHANH,8760,0.5752110437715434,1.307317356867333,0.5600065731935999,-0.0031921573969871486,0.7754522415584417,0.891194636693773,1.6895991973411661,better
VN_VUNGTAU,8760,0.4906322651257798,0.9582419872283936,0.4879870933803704,0.054829330749163345,0.6457762253405669,0.883802216644817,1.260804426343117,better
VN_YENBAI,8760,0.7955788818124222,1.5375570767002018,0.48256952937328457,0.18736394605680143,1.0603329346269645,0.9603410490991565,1.9207470965422584,better
